{
  "network": {
    "blockchain": "app",
    "network": "network"
  },
  "online_url": "http://rosetta:8080",
  "data_directory": "",
  "http_timeout": 300,
  "max_retries": 5,
  "retry_elapsed_time": 0,
  "max_online_connections": 0,
  "max_sync_concurrency": 0,
  "tip_delay": 60,
  "log_configuration": true,
  "construction": {
    "offline_url": "http://rosetta:8080",
    "max_offline_connections": 0,
    "stale_depth": 0,
    "broadcast_limit": 0,
    "ignore_broadcast_failures": false,
    "clear_broadcasts": false,
    "broadcast_behind_tip": false,
    "block_broadcast_limit": 0,
    "rebroadcast_all": false,
    "constructor_dsl_file": "transfer.ros",
    "end_conditions": {
      "create_account": 1,
      "transfer": 1
    }
  },
  "data": {
    "active_reconciliation_concurrency": 0,
    "inactive_reconciliation_concurrency": 0,
    "inactive_reconciliation_frequency": 0,
    "log_blocks": false,
    "log_transactions": false,
    "log_balance_changes": false,
    "log_reconciliations": false,
    "ignore_reconciliation_error": false,
    "exempt_accounts": "",
    "bootstrap_balances": "bootstrap.json",
    "interesting_accounts": "",
    "reconciliation_disabled": false,
    "inactive_discrepancy_search_disabled": false,
    "balance_tracking_disabled": false,
    "coin_tracking_disabled": false,
    "end_conditions": {
      "tip": true
    }
  }
}